<?xml version="1.0" encoding="UTF-8"?><nfeProc xmlns="http://www.portalfiscal.inf.br/nfe" versao="4.00"><NFe xmlns="http://www.portalfiscal.inf.br/nfe"><infNFe Id="NFe35230504896434000334550010004066121597697420" versao="4.00"><ide><cUF>35</cUF><cNF>59769742</cNF><natOp>5.102-VENDA MERC.ADQ.TER.</natOp><mod>55</mod><serie>1</serie><nNF>406612</nNF><dhEmi>2023-05-08T13:52:00-03:00</dhEmi><tpNF>1</tpNF><idDest>1</idDest><cMunFG>3552403</cMunFG><tpImp>1</tpImp><tpEmis>1</tpEmis><cDV>0</cDV><tpAmb>1</tpAmb><finNFe>1</finNFe><indFinal>0</indFinal><indPres>9</indPres><indIntermed>0</indIntermed><procEmi>0</procEmi><verProc>Rech 22.20e</verProc></ide><emit><CNPJ>04896434000334</CNPJ><xNome>ALPAR  DO BRASIL IND.COM.LTDA</xNome><xFant>ALPAR</xFant><enderEmit><xLgr>AV PEDRO PASCOAL DOS SANTOS</xLgr><nro>410</nro><xCpl>P2,MOD 6</xCpl><xBairro>RES.REAL PARQUE</xBairro><cMun>3552403</cMun><xMun>SUMARE</xMun><UF>SP</UF><CEP>13178561</CEP><cPais>1058</cPais><xPais>BRASIL</xPais><fone>5134411000</fone></enderEmit><IE>671283543113</IE><CRT>3</CRT></emit><dest><CNPJ>35225269000150</CNPJ><xNome>GREGORY GLADSTON ESTEVAM MORATO SOARES</xNome><enderDest><xLgr>RUA HERACLITO OLIVEIRA DE JESUS</xLgr><nro>74</nro><xCpl>SL 1</xCpl><xBairro>JD SAO GUILHERME</xBairro><cMun>3552205</cMun><xMun>SOROCABA</xMun><UF>SP</UF><CEP>18074666</CEP><cPais>1058</cPais><xPais>BRASIL</xPais><fone>1532310788</fone></enderDest><indIEDest>1</indIEDest><IE>798300398114</IE><email>2gimportssorocaba@gmail.com</email></dest><autXML><CPF>74772490078</CPF></autXML><autXML><CNPJ>01288032000105</CNPJ></autXML><det nItem="1"><prod><cProd>00193517335502</cProd><cEAN>0193517335502</cEAN><xProd>REF: FOF100241001 - OAKLEY TENIS FLAK II 39 1</xProd><NCM>64039990</NCM><CFOP>5102</CFOP><uCom>PR</uCom><qCom>1.000</qCom><vUnCom>449.95</vUnCom><vProd>449.95</vProd><cEANTrib>0193517335502</cEANTrib><uTrib>PR</uTrib><qTrib>1.000</qTrib><vUnTrib>449.95</vUnTrib><indTot>1</indTot></prod><imposto><ICMS><ICMS20><orig>0</orig><CST>20</CST><modBC>3</modBC><pRedBC>33.3330</pRedBC><vBC>299.97</vBC><pICMS>18.0000</pICMS><vICMS>53.99</vICMS></ICMS20></ICMS><IPI><cEnq>999</cEnq><IPITrib><CST>99</CST><vBC>0.00</vBC><pIPI>0.0000</pIPI><vIPI>0.00</vIPI></IPITrib></IPI><PIS><PISAliq><CST>01</CST><vBC>449.95</vBC><pPIS>1.6500</pPIS><vPIS>7.42</vPIS></PISAliq></PIS><COFINS><COFINSAliq><CST>01</CST><vBC>449.95</vBC><pCOFINS>7.6000</pCOFINS><vCOFINS>34.20</vCOFINS></COFINSAliq></COFINS></imposto><infAdProd>T: 39/1</infAdProd></det><det nItem="2"><prod><cProd>00193517335526</cProd><cEAN>0193517335526</cEAN><xProd>REF: FOF100241001 - OAKLEY TENIS FLAK II 40 1</xProd><NCM>64039990</NCM><CFOP>5102</CFOP><uCom>PR</uCom><qCom>2.000</qCom><vUnCom>449.95</vUnCom><vProd>899.90</vProd><cEANTrib>0193517335526</cEANTrib><uTrib>PR</uTrib><qTrib>2.000</qTrib><vUnTrib>449.95</vUnTrib><indTot>1</indTot></prod><imposto><ICMS><ICMS20><orig>0</orig><CST>20</CST><modBC>3</modBC><pRedBC>33.3330</pRedBC><vBC>599.94</vBC><pICMS>18.0000</pICMS><vICMS>107.99</vICMS></ICMS20></ICMS><IPI><cEnq>999</cEnq><IPITrib><CST>99</CST><vBC>0.00</vBC><pIPI>0.0000</pIPI><vIPI>0.00</vIPI></IPITrib></IPI><PIS><PISAliq><CST>01</CST><vBC>899.90</vBC><pPIS>1.6500</pPIS><vPIS>14.85</vPIS></PISAliq></PIS><COFINS><COFINSAliq><CST>01</CST><vBC>899.90</vBC><pCOFINS>7.6000</pCOFINS><vCOFINS>68.39</vCOFINS></COFINSAliq></COFINS></imposto><infAdProd>T: 40/2</infAdProd></det><det nItem="3"><prod><cProd>00193517335540</cProd><cEAN>0193517335540</cEAN><xProd>REF: FOF100241001 - OAKLEY TENIS FLAK II 41 1</xProd><NCM>64039990</NCM><CFOP>5102</CFOP><uCom>PR</uCom><qCom>2.000</qCom><vUnCom>449.95</vUnCom><vProd>899.90</vProd><cEANTrib>0193517335540</cEANTrib><uTrib>PR</uTrib><qTrib>2.000</qTrib><vUnTrib>449.95</vUnTrib><indTot>1</indTot></prod><imposto><ICMS><ICMS20><orig>0</orig><CST>20</CST><modBC>3</modBC><pRedBC>33.3330</pRedBC><vBC>599.94</vBC><pICMS>18.0000</pICMS><vICMS>107.99</vICMS></ICMS20></ICMS><IPI><cEnq>999</cEnq><IPITrib><CST>99</CST><vBC>0.00</vBC><pIPI>0.0000</pIPI><vIPI>0.00</vIPI></IPITrib></IPI><PIS><PISAliq><CST>01</CST><vBC>899.90</vBC><pPIS>1.6500</pPIS><vPIS>14.85</vPIS></PISAliq></PIS><COFINS><COFINSAliq><CST>01</CST><vBC>899.90</vBC><pCOFINS>7.6000</pCOFINS><vCOFINS>68.39</vCOFINS></COFINSAliq></COFINS></imposto><infAdProd>T: 41/2</infAdProd></det><det nItem="4"><prod><cProd>00193517335427</cProd><cEAN>0193517335427</cEAN><xProd>REF: FOF100241001 - OAKLEY TENIS FLAK II 43 1</xProd><NCM>64039990</NCM><CFOP>5102</CFOP><uCom>PR</uCom><qCom>2.000</qCom><vUnCom>449.95</vUnCom><vProd>899.90</vProd><cEANTrib>0193517335427</cEANTrib><uTrib>PR</uTrib><qTrib>2.000</qTrib><vUnTrib>449.95</vUnTrib><indTot>1</indTot></prod><imposto><ICMS><ICMS20><orig>0</orig><CST>20</CST><modBC>3</modBC><pRedBC>33.3330</pRedBC><vBC>599.94</vBC><pICMS>18.0000</pICMS><vICMS>107.99</vICMS></ICMS20></ICMS><IPI><cEnq>999</cEnq><IPITrib><CST>99</CST><vBC>0.00</vBC><pIPI>0.0000</pIPI><vIPI>0.00</vIPI></IPITrib></IPI><PIS><PISAliq><CST>01</CST><vBC>899.90</vBC><pPIS>1.6500</pPIS><vPIS>14.85</vPIS></PISAliq></PIS><COFINS><COFINSAliq><CST>01</CST><vBC>899.90</vBC><pCOFINS>7.6000</pCOFINS><vCOFINS>68.39</vCOFINS></COFINSAliq></COFINS></imposto><infAdProd>T: 43/2</infAdProd></det><det nItem="5"><prod><cProd>00193517335434</cProd><cEAN>0193517335434</cEAN><xProd>REF: FOF100241001 - OAKLEY TENIS FLAK II 44 1</xProd><NCM>64039990</NCM><CFOP>5102</CFOP><uCom>PR</uCom><qCom>1.000</qCom><vUnCom>449.95</vUnCom><vProd>449.95</vProd><cEANTrib>0193517335434</cEANTrib><uTrib>PR</uTrib><qTrib>1.000</qTrib><vUnTrib>449.95</vUnTrib><indTot>1</indTot></prod><imposto><ICMS><ICMS20><orig>0</orig><CST>20</CST><modBC>3</modBC><pRedBC>33.3330</pRedBC><vBC>299.97</vBC><pICMS>18.0000</pICMS><vICMS>53.99</vICMS></ICMS20></ICMS><IPI><cEnq>999</cEnq><IPITrib><CST>99</CST><vBC>0.00</vBC><pIPI>0.0000</pIPI><vIPI>0.00</vIPI></IPITrib></IPI><PIS><PISAliq><CST>01</CST><vBC>449.95</vBC><pPIS>1.6500</pPIS><vPIS>7.42</vPIS></PISAliq></PIS><COFINS><COFINSAliq><CST>01</CST><vBC>449.95</vBC><pCOFINS>7.6000</pCOFINS><vCOFINS>34.20</vCOFINS></COFINSAliq></COFINS></imposto><infAdProd>T: 44/1</infAdProd></det><det nItem="6"><prod><cProd>00193517335809</cProd><cEAN>0193517335809</cEAN><xProd>REF: FOF10024123Q - OAKLEY TENIS FLAK II 40 1</xProd><NCM>64039990</NCM><CFOP>5102</CFOP><uCom>PR</uCom><qCom>2.000</qCom><vUnCom>449.95</vUnCom><vProd>899.90</vProd><cEANTrib>0193517335809</cEANTrib><uTrib>PR</uTrib><qTrib>2.000</qTrib><vUnTrib>449.95</vUnTrib><indTot>1</indTot></prod><imposto><ICMS><ICMS20><orig>0</orig><CST>20</CST><modBC>3</modBC><pRedBC>33.3330</pRedBC><vBC>599.94</vBC><pICMS>18.0000</pICMS><vICMS>107.99</vICMS></ICMS20></ICMS><IPI><cEnq>999</cEnq><IPITrib><CST>99</CST><vBC>0.00</vBC><pIPI>0.0000</pIPI><vIPI>0.00</vIPI></IPITrib></IPI><PIS><PISAliq><CST>01</CST><vBC>899.90</vBC><pPIS>1.6500</pPIS><vPIS>14.85</vPIS></PISAliq></PIS><COFINS><COFINSAliq><CST>01</CST><vBC>899.90</vBC><pCOFINS>7.6000</pCOFINS><vCOFINS>68.39</vCOFINS></COFINSAliq></COFINS></imposto><infAdProd>T: 40/2</infAdProd></det><det nItem="7"><prod><cProd>00193517335823</cProd><cEAN>0193517335823</cEAN><xProd>REF: FOF10024123Q - OAKLEY TENIS FLAK II 41 1</xProd><NCM>64039990</NCM><CFOP>5102</CFOP><uCom>PR</uCom><qCom>2.000</qCom><vUnCom>449.95</vUnCom><vProd>899.90</vProd><cEANTrib>0193517335823</cEANTrib><uTrib>PR</uTrib><qTrib>2.000</qTrib><vUnTrib>449.95</vUnTrib><indTot>1</indTot></prod><imposto><ICMS><ICMS20><orig>0</orig><CST>20</CST><modBC>3</modBC><pRedBC>33.3330</pRedBC><vBC>599.94</vBC><pICMS>18.0000</pICMS><vICMS>107.99</vICMS></ICMS20></ICMS><IPI><cEnq>999</cEnq><IPITrib><CST>99</CST><vBC>0.00</vBC><pIPI>0.0000</pIPI><vIPI>0.00</vIPI></IPITrib></IPI><PIS><PISAliq><CST>01</CST><vBC>899.90</vBC><pPIS>1.6500</pPIS><vPIS>14.85</vPIS></PISAliq></PIS><COFINS><COFINSAliq><CST>01</CST><vBC>899.90</vBC><pCOFINS>7.6000</pCOFINS><vCOFINS>68.39</vCOFINS></COFINSAliq></COFINS></imposto><infAdProd>T: 41/2</infAdProd></det><det nItem="8"><prod><cProd>00193517335694</cProd><cEAN>0193517335694</cEAN><xProd>REF: FOF10024123Q - OAKLEY TENIS FLAK II 42 1</xProd><NCM>64039990</NCM><CFOP>5102</CFOP><uCom>PR</uCom><qCom>3.000</qCom><vUnCom>449.95</vUnCom><vProd>1349.85</vProd><cEANTrib>0193517335694</cEANTrib><uTrib>PR</uTrib><qTrib>3.000</qTrib><vUnTrib>449.95</vUnTrib><indTot>1</indTot></prod><imposto><ICMS><ICMS20><orig>0</orig><CST>20</CST><modBC>3</modBC><pRedBC>33.3330</pRedBC><vBC>899.90</vBC><pICMS>18.0000</pICMS><vICMS>161.98</vICMS></ICMS20></ICMS><IPI><cEnq>999</cEnq><IPITrib><CST>99</CST><vBC>0.00</vBC><pIPI>0.0000</pIPI><vIPI>0.00</vIPI></IPITrib></IPI><PIS><PISAliq><CST>01</CST><vBC>1349.85</vBC><pPIS>1.6500</pPIS><vPIS>22.27</vPIS></PISAliq></PIS><COFINS><COFINSAliq><CST>01</CST><vBC>1349.85</vBC><pCOFINS>7.6000</pCOFINS><vCOFINS>102.59</vCOFINS></COFINSAliq></COFINS></imposto><infAdProd>T: 42/3</infAdProd></det><det nItem="9"><prod><cProd>00193517335700</cProd><cEAN>0193517335700</cEAN><xProd>REF: FOF10024123Q - OAKLEY TENIS FLAK II 43 1</xProd><NCM>64039990</NCM><CFOP>5102</CFOP><uCom>PR</uCom><qCom>2.000</qCom><vUnCom>449.95</vUnCom><vProd>899.90</vProd><cEANTrib>0193517335700</cEANTrib><uTrib>PR</uTrib><qTrib>2.000</qTrib><vUnTrib>449.95</vUnTrib><indTot>1</indTot></prod><imposto><ICMS><ICMS20><orig>0</orig><CST>20</CST><modBC>3</modBC><pRedBC>33.3330</pRedBC><vBC>599.94</vBC><pICMS>18.0000</pICMS><vICMS>107.99</vICMS></ICMS20></ICMS><IPI><cEnq>999</cEnq><IPITrib><CST>99</CST><vBC>0.00</vBC><pIPI>0.0000</pIPI><vIPI>0.00</vIPI></IPITrib></IPI><PIS><PISAliq><CST>01</CST><vBC>899.90</vBC><pPIS>1.6500</pPIS><vPIS>14.85</vPIS></PISAliq></PIS><COFINS><COFINSAliq><CST>01</CST><vBC>899.90</vBC><pCOFINS>7.6000</pCOFINS><vCOFINS>68.39</vCOFINS></COFINSAliq></COFINS></imposto><infAdProd>T: 43/2</infAdProd></det><det nItem="10"><prod><cProd>00193517335717</cProd><cEAN>0193517335717</cEAN><xProd>REF: FOF10024123Q - OAKLEY TENIS FLAK II 44 1</xProd><NCM>64039990</NCM><CFOP>5102</CFOP><uCom>PR</uCom><qCom>1.000</qCom><vUnCom>449.95</vUnCom><vProd>449.95</vProd><cEANTrib>0193517335717</cEANTrib><uTrib>PR</uTrib><qTrib>1.000</qTrib><vUnTrib>449.95</vUnTrib><indTot>1</indTot></prod><imposto><ICMS><ICMS20><orig>0</orig><CST>20</CST><modBC>3</modBC><pRedBC>33.3330</pRedBC><vBC>299.97</vBC><pICMS>18.0000</pICMS><vICMS>53.99</vICMS></ICMS20></ICMS><IPI><cEnq>999</cEnq><IPITrib><CST>99</CST><vBC>0.00</vBC><pIPI>0.0000</pIPI><vIPI>0.00</vIPI></IPITrib></IPI><PIS><PISAliq><CST>01</CST><vBC>449.95</vBC><pPIS>1.6500</pPIS><vPIS>7.42</vPIS></PISAliq></PIS><COFINS><COFINSAliq><CST>01</CST><vBC>449.95</vBC><pCOFINS>7.6000</pCOFINS><vCOFINS>34.20</vCOFINS></COFINSAliq></COFINS></imposto><infAdProd>T: 44/1</infAdProd></det><det nItem="11"><prod><cProd>00193517335410</cProd><cEAN>0193517335410</cEAN><xProd>REF: FOF100241001 - OAKLEY TENIS FLAK II 42 1</xProd><NCM>64039990</NCM><CFOP>5102</CFOP><uCom>PR</uCom><qCom>3.000</qCom><vUnCom>449.95</vUnCom><vProd>1349.85</vProd><cEANTrib>0193517335410</cEANTrib><uTrib>PR</uTrib><qTrib>3.000</qTrib><vUnTrib>449.95</vUnTrib><indTot>1</indTot></prod><imposto><ICMS><ICMS20><orig>0</orig><CST>20</CST><modBC>3</modBC><pRedBC>33.3330</pRedBC><vBC>899.90</vBC><pICMS>18.0000</pICMS><vICMS>161.98</vICMS></ICMS20></ICMS><IPI><cEnq>999</cEnq><IPITrib><CST>99</CST><vBC>0.00</vBC><pIPI>0.0000</pIPI><vIPI>0.00</vIPI></IPITrib></IPI><PIS><PISAliq><CST>01</CST><vBC>1349.85</vBC><pPIS>1.6500</pPIS><vPIS>22.27</vPIS></PISAliq></PIS><COFINS><COFINSAliq><CST>01</CST><vBC>1349.85</vBC><pCOFINS>7.6000</pCOFINS><vCOFINS>102.59</vCOFINS></COFINSAliq></COFINS></imposto><infAdProd>T: 42/3</infAdProd></det><total><ICMSTot><vBC>6299.35</vBC><vICMS>1133.87</vICMS><vICMSDeson>0.00</vICMSDeson><vFCP>0.00</vFCP><vBCST>0.00</vBCST><vST>0.00</vST><vFCPST>0.00</vFCPST><vFCPSTRet>0.00</vFCPSTRet><vProd>9448.95</vProd><vFrete>0.00</vFrete><vSeg>0.00</vSeg><vDesc>0.00</vDesc><vII>0.00</vII><vIPI>0.00</vIPI><vIPIDevol>0.00</vIPIDevol><vPIS>155.90</vPIS><vCOFINS>718.12</vCOFINS><vOutro>0.00</vOutro><vNF>9448.95</vNF></ICMSTot></total><transp><modFrete>0</modFrete><transporta><CNPJ>59874354000612</CNPJ><xNome>DISPLAN ENCOMENDAS URGENTES LTDA</xNome><IE>244754304114</IE><xEnder>RUA ARMANDO DE CAMPOS,111</xEnder><xMun>CAMPINAS</xMun><UF>SP</UF></transporta><vol><qVol>21</qVol><esp>CAIXA</esp><marca>OAKLEY</marca><pesoL>6.510</pesoL><pesoB>21.630</pesoB></vol></transp><cobr><fat><nFat>000406612</nFat><vOrig>9448.95</vOrig><vDesc>0.00</vDesc><vLiq>9448.95</vLiq></fat><dup><nDup>001</nDup><dVenc>2023-06-12</dVenc><vDup>1892.95</vDup></dup><dup><nDup>002</nDup><dVenc>2023-06-19</dVenc><vDup>1889.00</vDup></dup><dup><nDup>003</nDup><dVenc>2023-06-26</dVenc><vDup>1889.00</vDup></dup><dup><nDup>004</nDup><dVenc>2023-07-03</dVenc><vDup>1889.00</vDup></dup><dup><nDup>005</nDup><dVenc>2023-07-10</dVenc><vDup>1889.00</vDup></dup></cobr><pag><detPag><indPag>1</indPag><tPag>15</tPag><vPag>9448.95</vPag></detPag></pag><infAdic><infAdFisco>Base de calculo reduzida conforme Artigo 30 Inciso II Anexo II do RICMS/2000 SP</infAdFisco><infCpl>Observacoes: Informamos que e vedado qualquer pagamento/deposito bancario ou entrega de mercadoria diretamente ao representante/vendedor, sem previa analise e autorizacao do setor financeiro/faturamento. ATENCAO CLIENTE: TODOS OS PRODUTOS EMBARCADOS PELA EMPRESA ALPAR DO BRASIL SAO PREVIAMENTE CONFERIDOS, ADESIVADOS E BEM LACRADOS. PORTANTO CONFIRA SUA MERCADORIA NO ATO DA ENTREGA. EM CASO DE DIVERGENCIA, FALTA DE LACRE OU MERCADORIA, E OBRIGATORIO RESSALVAR NO CONHECIMENTO DE TRANSPORTE O MOTIVO QUE GEROU A DEVOLUCAO, DEVENDO TAMBEM CARIMBAR, DATAR E ASSINAR DE FORMA LEGIVEL. OBSERVACAO IMPORTANTE: TODAS AS SOLICITACOES DE DEVOLUCOES DEVERAO SER REALIZADAS ATRAVES DO NOSSO PORTAL: HTTPS://PORTAL.ALPARDOBRASIL.COM.BR E NAO SERAO ACEITAS SEM RESSALVA NO CONHECIMENTO DE TRANSPORTE. PED.: 1303548  REP: HAWAII REP 11-977057000 Cond: 35/42/49/56/63 Cod.cliente: 63824</infCpl><obsCont xCampo="Emitido pelo"><xTexto>ERP SIGER</xTexto></obsCont><obsCont xCampo="Rech Informatica"><xTexto>51 3582.4001 - www.rech.com.br</xTexto></obsCont><obsCont xCampo="CODNOT"><xTexto>1013720</xTexto></obsCont><obsCont xCampo="FATPEN"><xTexto>000406612;3;000;2;</xTexto></obsCont><obsCont xCampo="Fones"><xTexto>Fone: (51)3441.1000 / (51)3181.0220</xTexto></obsCont><obsCont xCampo="GY-EEM"><xTexto>nfe@alpardobrasil.com.br</xTexto></obsCont></infAdic><infRespTec><CNPJ>93419380000184</CNPJ><xContato>Cleber Fabiano Sesterheim</xContato><email>controladoria@rech.com.br</email><fone>5135824001</fone></infRespTec></infNFe><Signature xmlns="http://www.w3.org/2000/09/xmldsig#"><SignedInfo><CanonicalizationMethod Algorithm="http://www.w3.org/TR/2001/REC-xml-c14n-20010315"/><SignatureMethod Algorithm="http://www.w3.org/2000/09/xmldsig#rsa-sha1"/><Reference URI="#NFe35230504896434000334550010004066121597697420"><Transforms><Transform Algorithm="http://www.w3.org/2000/09/xmldsig#enveloped-signature"/><Transform Algorithm="http://www.w3.org/TR/2001/REC-xml-c14n-20010315"/></Transforms><DigestMethod Algorithm="http://www.w3.org/2000/09/xmldsig#sha1"/><DigestValue>+dzsJ3xdzldVEqk9RPlcwxcAT6U=</DigestValue></Reference></SignedInfo><SignatureValue>Qhb6W6aMSP/DZKkYssUplIfjIoAbiCon3xEjboMmilR29fm66EnUoSo4VPhiexHUIMND/oFmK5tQ&#xd;dClQkHKCaGVOfMjlZCd1P7oaJCdq5HPbjPyJiiS8gcrzVx7T95A0mzfa1geC5fBaJz/8QAs/UDxR&#xd;dl8/fn/JuWjfMf2NkqEEn8Ud52m7vLPcAgUePp11wCqC6wvoo9JCT12HkpBJzRrrk7vIGa5c1x4M&#xd;d+EJAT5K83nTjQqK/i6c0T2IK/1pfgDFrulj/QL3llSeBQ7GkTpmtLdLiMD56p+IrNwROKcFyrm6&#xd;uaekdygnV1G/JnIwYMb5/1Kf4D8W6Ih0DRo7ZQ==</SignatureValue><KeyInfo><X509Data><X509Certificate>MIIHhTCCBW2gAwIBAgIMOWjXRtI+C115HzcYMA0GCSqGSIb3DQEBCwUAMIGJMQswCQYDVQQGEwJC&#xd;UjETMBEGA1UECgwKSUNQLUJyYXNpbDE2MDQGA1UECwwtU2VjcmV0YXJpYSBkYSBSZWNlaXRhIEZl&#xd;ZGVyYWwgZG8gQnJhc2lsIC0gUkZCMS0wKwYDVQQDDCRBdXRvcmlkYWRlIENlcnRpZmljYWRvcmEg&#xd;U0VSUFJPUkZCdjUwHhcNMjIxMTA0MTkzOTUxWhcNMjMxMTA0MTkzOTUxWjCCARoxCzAJBgNVBAYT&#xd;AkJSMQswCQYDVQQIDAJTUDEPMA0GA1UEBwwGU1VNQVJFMRMwEQYDVQQKDApJQ1AtQnJhc2lsMRMw&#xd;EQYDVQQLDApwcmVzZW5jaWFsMRcwFQYDVQQLDA4wNzgwODIyNDAwMDE3MzE2MDQGA1UECwwtU2Vj&#xd;cmV0YXJpYSBkYSBSZWNlaXRhIEZlZGVyYWwgZG8gQnJhc2lsIC0gUkZCMRAwDgYDVQQLDAdBUklO&#xd;VklBMRYwFAYDVQQLDA1SRkIgZS1DTlBKIEExMUgwRgYDVQQDDD9BTFBBUiBETyBCUkFTSUwgSU5E&#xd;VVNUUklBIEUgQ09NRVJDSU8gREUgQ0FMQ0FET1M6MDQ4OTY0MzQwMDAzMzQwggEiMA0GCSqGSIb3&#xd;DQEBAQUAA4IBDwAwggEKAoIBAQCv4d6C4PRdd8xR4J+c8yZxQAYY5PZZh5OP9QNMY6CT5yzVKtda&#xd;+d0IvYU4BkEE1eEGoc8Yh8Kc0LRQGskoV3fmV4XYvELwUJitF0Z1/IBEWl49LogkoX/5VG/DKsVS&#xd;KmC1h0dPIDG0GGs3MjWaKR5oRBphknSbIVlmY9oRxoCx2SsfrGhgASHZ8WRNeSsbPSzYPF6VmpN3&#xd;QaPXWluv8TIs5xqPklz0VizZR09udcFdx5PUbczKW4vOx9xeqV910F3Jt4ww5MvXA5M+CMO6HnYE&#xd;z/jJuJ9ZD+shf77aSXeHrPM6gTD34dpZBZQVpzgyfz1HkwLOPGAkB1Fm68bWde57AgMBAAGjggJX&#xd;MIICUzAfBgNVHSMEGDAWgBQUgC2dfppFwPFbPxnVQLBvL2Xg6TCBiAYDVR0fBIGAMH4wPKA6oDiG&#xd;Nmh0dHA6Ly9yZXBvc2l0b3Jpby5zZXJwcm8uZ292LmJyL2xjci9hY3NlcnByb3JmYnY1LmNybDA+&#xd;oDygOoY4aHR0cDovL2NlcnRpZmljYWRvczIuc2VycHJvLmdvdi5ici9sY3IvYWNzZXJwcm9yZmJ2&#xd;NS5jcmwwVgYIKwYBBQUHAQEESjBIMEYGCCsGAQUFBzAChjpodHRwOi8vcmVwb3NpdG9yaW8uc2Vy&#xd;cHJvLmdvdi5ici9jYWRlaWFzL2Fjc2VycHJvcmZidjUucDdiMIHABgNVHREEgbgwgbWgOAYFYEwB&#xd;AwSgLwQtMzEwNzE5NjAyOTEzOTY2MDA0NDAwMDAwMDAwMDAwMDAwMDAwMDAwMDAwMDAwoB4GBWBM&#xd;AQMCoBUEE0xVSVMgRkVSTkFORE8gUEVUUlmgGQYFYEwBAwOgEAQOMDQ4OTY0MzQwMDAzMzSgFwYF&#xd;YEwBAwegDgQMMDAwMDAwMDAwMDAwgSVjb250cm9sYWRvcmlhQHNtYWNvbnRhYmlsaWRhZGUuY29t&#xd;LmJyMA4GA1UdDwEB/wQEAwIF4DAdBgNVHSUEFjAUBggrBgEFBQcDBAYIKwYBBQUHAwIwWwYDVR0g&#xd;BFQwUjBQBgZgTAECAQowRjBEBggrBgEFBQcCARY4aHR0cDovL3JlcG9zaXRvcmlvLnNlcnByby5n&#xd;b3YuYnIvZG9jcy9kcGNhY3NlcnByb3JmYi5wZGYwDQYJKoZIhvcNAQELBQADggIBAFK7SvBxco49&#xd;IABU5dWhhrT1ufZpasy7Ssx9uoHh8j90ripKW5LltPJFQizHv1prxb+7ew6ZJsMVD93quYnO7luS&#xd;/7JWh2ZI8pKPfja2x4n/Q+aQSu2mE98oyW4w4NwpYtbosgWsv7yMrK9+RbG9ga12NlHmZxWi5cLN&#xd;s479qLPT8xLNi9uX31AhGQRQBOJOKNpM9vkhI86KKHUo3zUR6Oivy7q89SMbsQuL0bbPsIqU8OwL&#xd;hkVfl9hqR49z2SQ7kh4KiJvXFGtKrijHjAYEGoMCcWTqkslAf+a0ODSLOQ7UJdxH3olpKDepF1SB&#xd;NLd37QDjqnSW+NRu1mkK5NTzEfi7M0g4SJl3/f4QWBSqngzpNs6GBG5shXbD/3NGb0lQtdkudz7q&#xd;QoH5VVcVgtX3yxEC6E8ArWihTZ9tRaFxnk6jS8qkDzqFSQHysNBkZE3k1WnK/aWbmKC4aC3QSugE&#xd;RopZK2Ov1fFVucKKNQElYUrGHo44D1+aL5unlOlk8MNM9HEWyQXgAZ8Vl7x2ggK0fbK5YfltwVcC&#xd;hoGlvDYCP6loCG+VX9JYndzC159hXn4x1lVvwBSYQN/Vk5IEQukHeX1ldvj6wx3e2JTMM4BjVVXv&#xd;6w6hvdCMhMh1nDKy0S9F9rwo+7EaUEaVKON4gsLeBbvzvJsywpcb4XEBWSgS+X3Q</X509Certificate></X509Data></KeyInfo></Signature></NFe><protNFe versao="4.00" xmlns="http://www.portalfiscal.inf.br/nfe"><infProt><tpAmb>1</tpAmb><verAplic>SP_NFE_PL009_V4</verAplic><chNFe>35230504896434000334550010004066121597697420</chNFe><dhRecbto>2023-05-08T13:52:09-03:00</dhRecbto><nProt>135230698525338</nProt><digVal>+dzsJ3xdzldVEqk9RPlcwxcAT6U=</digVal><cStat>100</cStat><xMotivo>Autorizado o uso da NF-e</xMotivo></infProt></protNFe></nfeProc>